Framerate           ,Framerate           ,Framerate           ,Framerate           ,Framerate           ,Framerate           
18.4,18.4,18.4,18.4,18.4,18.4
18.5,18.5,18.5,18.5,18.5,18.5
18.5,18.5,18.5,18.5,18.5,18.5
16.8,16.8,16.8,16.8,16.8,16.8
18.6,18.6,18.6,18.6,18.6,18.6
18.6,18.6,18.6,18.6,18.6,18.6
39.8,39.8,39.8,39.8,39.8,39.8
157.2,157.2,157.2,157.2,157.2,157.2
164.1,164.1,164.1,164.1,164.1,164.1
164.7,164.7,164.7,164.7,164.7,164.7
61.9,61.9,61.9,61.9,61.9,61.9
18.9,18.9,18.9,18.9,18.9,18.9
18.9,18.9,18.9,18.9,18.9,18.9
18.9,18.9,18.9,18.9,18.9,18.9
18.8,18.8,18.8,18.8,18.8,18.8
18.8,18.8,18.8,18.8,18.8,18.8
18.9,18.9,18.9,18.9,18.9,18.9
18.8,18.8,18.8,18.8,18.8,18.8
18.9,18.9,18.9,18.9,18.9,18.9
18.9,18.9,18.9,18.9,18.9,18.9
18.7,18.7,18.7,18.7,18.7,18.7
18.8,18.8,18.8,18.8,18.8,18.8
18.8,18.8,18.8,18.8,18.8,18.8
18.8,18.8,18.8,18.8,18.8,18.8
18.7,18.7,18.7,18.7,18.7,18.7
18.9,18.9,18.9,18.9,18.9,18.9
18.8,18.8,18.8,18.8,18.8,18.8
18.8,18.8,18.8,18.8,18.8,18.8
18.8,18.8,18.8,18.8,18.8,18.8
18.9,18.9,18.9,18.9,18.9,18.9
18.9,18.9,18.9,18.9,18.9,18.9
18.8,18.8,18.8,18.8,18.8,18.8
18.9,18.9,18.9,18.9,18.9,18.9
18.8,18.8,18.8,18.8,18.8,18.8
18.9,18.9,18.9,18.9,18.9,18.9
18.8,18.8,18.8,18.8,18.8,18.8
18.9,18.9,18.9,18.9,18.9,18.9
18.8,18.8,18.8,18.8,18.8,18.8
18.9,18.9,18.9,18.9,18.9,18.9
18.8,18.8,18.8,18.8,18.8,18.8
18.8,18.8,18.8,18.8,18.8,18.8
18.9,18.9,18.9,18.9,18.9,18.9
18.9,18.9,18.9,18.9,18.9,18.9
18.9,18.9,18.9,18.9,18.9,18.9
18.8,18.8,18.8,18.8,18.8,18.8
18.9,18.9,18.9,18.9,18.9,18.9
18.9,18.9,18.9,18.9,18.9,18.9
18.9,18.9,18.9,18.9,18.9,18.9
18.8,18.8,18.8,18.8,18.8,18.8
18.7,18.7,18.7,18.7,18.7,18.7
18.5,18.5,18.5,18.5,18.5,18.5
18.3,18.3,18.3,18.3,18.3,18.3
18.7,18.7,18.7,18.7,18.7,18.7
18.7,18.7,18.7,18.7,18.7,18.7
18.8,18.8,18.8,18.8,18.8,18.8
18.7,18.7,18.7,18.7,18.7,18.7
18.6,18.6,18.6,18.6,18.6,18.6
18.7,18.7,18.7,18.7,18.7,18.7
18.7,18.7,18.7,18.7,18.7,18.7
18.6,18.6,18.6,18.6,18.6,18.6
18.7,18.7,18.7,18.7,18.7,18.7
18.7,18.7,18.7,18.7,18.7,18.7
18.7,18.7,18.7,18.7,18.7,18.7
18.6,18.6,18.6,18.6,18.6,18.6
18.7,18.7,18.7,18.7,18.7,18.7
18.7,18.7,18.7,18.7,18.7,18.7
18.7,18.7,18.7,18.7,18.7,18.7
18.8,18.8,18.8,18.8,18.8,18.8
18.7,18.7,18.7,18.7,18.7,18.7
18.7,18.7,18.7,18.7,18.7,18.7
18.6,18.6,18.6,18.6,18.6,18.6
18.7,18.7,18.7,18.7,18.7,18.7
18.7,18.7,18.7,18.7,18.7,18.7
18.8,18.8,18.8,18.8,18.8,18.8
18.7,18.7,18.7,18.7,18.7,18.7
18.7,18.7,18.7,18.7,18.7,18.7
18.7,18.7,18.7,18.7,18.7,18.7
18.8,18.8,18.8,18.8,18.8,18.8
18.7,18.7,18.7,18.7,18.7,18.7
18.7,18.7,18.7,18.7,18.7,18.7
18.7,18.7,18.7,18.7,18.7,18.7
18.7,18.7,18.7,18.7,18.7,18.7
18.7,18.7,18.7,18.7,18.7,18.7
18.7,18.7,18.7,18.7,18.7,18.7
18.7,18.7,18.7,18.7,18.7,18.7
18.7,18.7,18.7,18.7,18.7,18.7
18.7,18.7,18.7,18.7,18.7,18.7
18.7,18.7,18.7,18.7,18.7,18.7
18.6,18.6,18.6,18.6,18.6,18.6
18.7,18.7,18.7,18.7,18.7,18.7
18.7,18.7,18.7,18.7,18.7,18.7
18.7,18.7,18.7,18.7,18.7,18.7
18.7,18.7,18.7,18.7,18.7,18.7
18.8,18.8,18.8,18.8,18.8,18.8
18.7,18.7,18.7,18.7,18.7,18.7
18.8,18.8,18.8,18.8,18.8,18.8
18.7,18.7,18.7,18.7,18.7,18.7
18.8,18.8,18.8,18.8,18.8,18.8
18.7,18.7,18.7,18.7,18.7,18.7
18.7,18.7,18.7,18.7,18.7,18.7
18.7,18.7,18.7,18.7,18.7,18.7
18.7,18.7,18.7,18.7,18.7,18.7
18.8,18.8,18.8,18.8,18.8,18.8
18.8,18.8,18.8,18.8,18.8,18.8
18.7,18.7,18.7,18.7,18.7,18.7
18.7,18.7,18.7,18.7,18.7,18.7
18.7,18.7,18.7,18.7,18.7,18.7
18.7,18.7,18.7,18.7,18.7,18.7
18.8,18.8,18.8,18.8,18.8,18.8
18.7,18.7,18.7,18.7,18.7,18.7
18.8,18.8,18.8,18.8,18.8,18.8
18.8,18.8,18.8,18.8,18.8,18.8
18.8,18.8,18.8,18.8,18.8,18.8
18.8,18.8,18.8,18.8,18.8,18.8
18.8,18.8,18.8,18.8,18.8,18.8
18.7,18.7,18.7,18.7,18.7,18.7
18.8,18.8,18.8,18.8,18.8,18.8
18.7,18.7,18.7,18.7,18.7,18.7
18.8,18.8,18.8,18.8,18.8,18.8
18.6,18.6,18.6,18.6,18.6,18.6
18.7,18.7,18.7,18.7,18.7,18.7
18.7,18.7,18.7,18.7,18.7,18.7
18.8,18.8,18.8,18.8,18.8,18.8
18.7,18.7,18.7,18.7,18.7,18.7
18.8,18.8,18.8,18.8,18.8,18.8
18.7,18.7,18.7,18.7,18.7,18.7
18.8,18.8,18.8,18.8,18.8,18.8
18.7,18.7,18.7,18.7,18.7,18.7
18.8,18.8,18.8,18.8,18.8,18.8
18.7,18.7,18.7,18.7,18.7,18.7
18.7,18.7,18.7,18.7,18.7,18.7
18.7,18.7,18.7,18.7,18.7,18.7
18.7,18.7,18.7,18.7,18.7,18.7
18.7,18.7,18.7,18.7,18.7,18.7
18.7,18.7,18.7,18.7,18.7,18.7
18.7,18.7,18.7,18.7,18.7,18.7
18.7,18.7,18.7,18.7,18.7,18.7
18.7,18.7,18.7,18.7,18.7,18.7
18.6,18.6,18.6,18.6,18.6,18.6
18.7,18.7,18.7,18.7,18.7,18.7
18.6,18.6,18.6,18.6,18.6,18.6
18.7,18.7,18.7,18.7,18.7,18.7
18.7,18.7,18.7,18.7,18.7,18.7
18.7,18.7,18.7,18.7,18.7,18.7
18.7,18.7,18.7,18.7,18.7,18.7
18.8,18.8,18.8,18.8,18.8,18.8
18.7,18.7,18.7,18.7,18.7,18.7
18.8,18.8,18.8,18.8,18.8,18.8
18.7,18.7,18.7,18.7,18.7,18.7
18.7,18.7,18.7,18.7,18.7,18.7
18.6,18.6,18.6,18.6,18.6,18.6
18.7,18.7,18.7,18.7,18.7,18.7
18.7,18.7,18.7,18.7,18.7,18.7
18.8,18.8,18.8,18.8,18.8,18.8
18.6,18.6,18.6,18.6,18.6,18.6
18.4,18.4,18.4,18.4,18.4,18.4
18.4,18.4,18.4,18.4,18.4,18.4
18.5,18.5,18.5,18.5,18.5,18.5
18.5,18.5,18.5,18.5,18.5,18.5
18.5,18.5,18.5,18.5,18.5,18.5
18.5,18.5,18.5,18.5,18.5,18.5
18.4,18.4,18.4,18.4,18.4,18.4
18.3,18.3,18.3,18.3,18.3,18.3
18.5,18.5,18.5,18.5,18.5,18.5
18.4,18.4,18.4,18.4,18.4,18.4
18.5,18.5,18.5,18.5,18.5,18.5
18.5,18.5,18.5,18.5,18.5,18.5
18.4,18.4,18.4,18.4,18.4,18.4
18.6,18.6,18.6,18.6,18.6,18.6
18.5,18.5,18.5,18.5,18.5,18.5
18.5,18.5,18.5,18.5,18.5,18.5
18.5,18.5,18.5,18.5,18.5,18.5
18.5,18.5,18.5,18.5,18.5,18.5
18.5,18.5,18.5,18.5,18.5,18.5
18.5,18.5,18.5,18.5,18.5,18.5
18.6,18.6,18.6,18.6,18.6,18.6
18.7,18.7,18.7,18.7,18.7,18.7
18.7,18.7,18.7,18.7,18.7,18.7
18.7,18.7,18.7,18.7,18.7,18.7
18.7,18.7,18.7,18.7,18.7,18.7
18.7,18.7,18.7,18.7,18.7,18.7
18.6,18.6,18.6,18.6,18.6,18.6
18.7,18.7,18.7,18.7,18.7,18.7
28.8,28.8,28.8,28.8,28.8,28.8
58.8,58.8,58.8,58.8,58.8,58.8
51.4,51.4,51.4,51.4,51.4,51.4
36,36,36,36,36,36
32.8,32.8,32.8,32.8,32.8,32.8
29.7,29.7,29.7,29.7,29.7,29.7
29.7,29.7,29.7,29.7,29.7,29.7
0,0,0,0,0,0
0,0,0,0,0,0
0,0,0,0,0,0
0,0,0,0,0,0
0,0,0,0,0,0
0,0,0,0,0,0
0,0,0,0,0,0
0,0,0,0,0,0
0,0,0,0,0,0
0,0,0,0,0,0
0,0,0,0,0,0
0,0,0,0,0,0
0,0,0,0,0,0
0,0,0,0,0,0
0,0,0,0,0,0
0,0,0,0,0,0
0,0,0,0,0,0
0,0,0,0,0,0
0,0,0,0,0,0
0,0,0,0,0,0
0,0,0,0,0,0
0,0,0,0,0,0
0,0,0,0,0,0
0,0,0,0,0,0
0,0,0,0,0,0
0,0,0,0,0,0
0,0,0,0,0,0
0,0,0,0,0,0
0,0,0,0,0,0
0,0,0,0,0,0
0,0,0,0,0,0
0,0,0,0,0,0
0,0,0,0,0,0
0,0,0,0,0,0
0,0,0,0,0,0
0,0,0,0,0,0
0,0,0,0,0,0
0,0,0,0,0,0
0,0,0,0,0,0
0,0,0,0,0,0
0,0,0,0,0,0
0,0,0,0,0,0
0,0,0,0,0,0
0,0,0,0,0,0
0,0,0,0,0,0
0,0,0,0,0,0
0,0,0,0,0,0
0,0,0,0,0,0
0,0,0,0,0,0
0,0,0,0,0,0
0,0,0,0,0,0
0.8,0.8,0.8,0.8,0.8,0.8
2.7,2.7,2.7,2.7,2.7,2.7
64.9,64.9,64.9,64.9,64.9,64.9
86.7,86.7,86.7,86.7,86.7,86.7
86.8,86.8,86.8,86.8,86.8,86.8
85.2,85.2,85.2,85.2,85.2,85.2
83.6,83.6,83.6,83.6,83.6,83.6
58.3,58.3,58.3,58.3,58.3,58.3
92.1,92.1,92.1,92.1,92.1,92.1
90,90,90,90,90,90
83.4,83.4,83.4,83.4,83.4,83.4
88.4,88.4,88.4,88.4,88.4,88.4
91,91,91,91,91,91
89.7,89.7,89.7,89.7,89.7,89.7
96.3,96.3,96.3,96.3,96.3,96.3
95.9,95.9,95.9,95.9,95.9,95.9
91.6,91.6,91.6,91.6,91.6,91.6
86.9,86.9,86.9,86.9,86.9,86.9
87.6,87.6,87.6,87.6,87.6,87.6
89,89,89,89,89,89
88.5,88.5,88.5,88.5,88.5,88.5
92.4,92.4,92.4,92.4,92.4,92.4
93.1,93.1,93.1,93.1,93.1,93.1
95.2,95.2,95.2,95.2,95.2,95.2
94.4,94.4,94.4,94.4,94.4,94.4
93.3,93.3,93.3,93.3,93.3,93.3
89.6,89.6,89.6,89.6,89.6,89.6
94.1,94.1,94.1,94.1,94.1,94.1
83.5,83.5,83.5,83.5,83.5,83.5
119.6,119.6,119.6,119.6,119.6,119.6
120.8,120.8,120.8,120.8,120.8,120.8
124.5,124.5,124.5,124.5,124.5,124.5
125.4,125.4,125.4,125.4,125.4,125.4
129.4,129.4,129.4,129.4,129.4,129.4
130.5,130.5,130.5,130.5,130.5,130.5
117.2,117.2,117.2,117.2,117.2,117.2
122.2,122.2,122.2,122.2,122.2,122.2
117.8,117.8,117.8,117.8,117.8,117.8
117.1,117.1,117.1,117.1,117.1,117.1
118.5,118.5,118.5,118.5,118.5,118.5
116.5,116.5,116.5,116.5,116.5,116.5
114.1,114.1,114.1,114.1,114.1,114.1
120.8,120.8,120.8,120.8,120.8,120.8
119.7,119.7,119.7,119.7,119.7,119.7
126.6,126.6,126.6,126.6,126.6,126.6
133.9,133.9,133.9,133.9,133.9,133.9
127.1,127.1,127.1,127.1,127.1,127.1
125.7,125.7,125.7,125.7,125.7,125.7
130.1,130.1,130.1,130.1,130.1,130.1
127,127,127,127,127,127
126.7,126.7,126.7,126.7,126.7,126.7
117.1,117.1,117.1,117.1,117.1,117.1
116.1,116.1,116.1,116.1,116.1,116.1
125.5,125.5,125.5,125.5,125.5,125.5
129.1,129.1,129.1,129.1,129.1,129.1
127.4,127.4,127.4,127.4,127.4,127.4
124.9,124.9,124.9,124.9,124.9,124.9
132.8,132.8,132.8,132.8,132.8,132.8
130.5,130.5,130.5,130.5,130.5,130.5
128.8,128.8,128.8,128.8,128.8,128.8
126.5,126.5,126.5,126.5,126.5,126.5
128.3,128.3,128.3,128.3,128.3,128.3
121,121,121,121,121,121
131.2,131.2,131.2,131.2,131.2,131.2
129.7,129.7,129.7,129.7,129.7,129.7
132.2,132.2,132.2,132.2,132.2,132.2
135.6,135.6,135.6,135.6,135.6,135.6
129.9,129.9,129.9,129.9,129.9,129.9
132.2,132.2,132.2,132.2,132.2,132.2
129.4,129.4,129.4,129.4,129.4,129.4
124.9,124.9,124.9,124.9,124.9,124.9
127.2,127.2,127.2,127.2,127.2,127.2
129.1,129.1,129.1,129.1,129.1,129.1
109.9,109.9,109.9,109.9,109.9,109.9
101.2,101.2,101.2,101.2,101.2,101.2
102.6,102.6,102.6,102.6,102.6,102.6
102.3,102.3,102.3,102.3,102.3,102.3
104,104,104,104,104,104
107.4,107.4,107.4,107.4,107.4,107.4
104.6,104.6,104.6,104.6,104.6,104.6
103.8,103.8,103.8,103.8,103.8,103.8
105.1,105.1,105.1,105.1,105.1,105.1
92.4,92.4,92.4,92.4,92.4,92.4
103.2,103.2,103.2,103.2,103.2,103.2
103.5,103.5,103.5,103.5,103.5,103.5
102.4,102.4,102.4,102.4,102.4,102.4
103,103,103,103,103,103
90.2,90.2,90.2,90.2,90.2,90.2
105.2,105.2,105.2,105.2,105.2,105.2
105.9,105.9,105.9,105.9,105.9,105.9
101.5,101.5,101.5,101.5,101.5,101.5
98.8,98.8,98.8,98.8,98.8,98.8
99.9,99.9,99.9,99.9,99.9,99.9
98.6,98.6,98.6,98.6,98.6,98.6
100.5,100.5,100.5,100.5,100.5,100.5
102,102,102,102,102,102
99.8,99.8,99.8,99.8,99.8,99.8
97.1,97.1,97.1,97.1,97.1,97.1
106.2,106.2,106.2,106.2,106.2,106.2
104.9,104.9,104.9,104.9,104.9,104.9
106.3,106.3,106.3,106.3,106.3,106.3
104,104,104,104,104,104
103.2,103.2,103.2,103.2,103.2,103.2
102.5,102.5,102.5,102.5,102.5,102.5
104.6,104.6,104.6,104.6,104.6,104.6
106.7,106.7,106.7,106.7,106.7,106.7
107.2,107.2,107.2,107.2,107.2,107.2
108.3,108.3,108.3,108.3,108.3,108.3
77.7,77.7,77.7,77.7,77.7,77.7
15.1,15.1,15.1,15.1,15.1,15.1
81.2,81.2,81.2,81.2,81.2,81.2
75.1,75.1,75.1,75.1,75.1,75.1
84.5,84.5,84.5,84.5,84.5,84.5
78.2,78.2,78.2,78.2,78.2,78.2
83.6,83.6,83.6,83.6,83.6,83.6
79.6,79.6,79.6,79.6,79.6,79.6
89.4,89.4,89.4,89.4,89.4,89.4
87.3,87.3,87.3,87.3,87.3,87.3
66.4,66.4,66.4,66.4,66.4,66.4
76.5,76.5,76.5,76.5,76.5,76.5
87.9,87.9,87.9,87.9,87.9,87.9
81.4,81.4,81.4,81.4,81.4,81.4
64.7,64.7,64.7,64.7,64.7,64.7
73.3,73.3,73.3,73.3,73.3,73.3
76,76,76,76,76,76
80,80,80,80,80,80
80.2,80.2,80.2,80.2,80.2,80.2
70.3,70.3,70.3,70.3,70.3,70.3
109.3,109.3,109.3,109.3,109.3,109.3
88.3,88.3,88.3,88.3,88.3,88.3
80.7,80.7,80.7,80.7,80.7,80.7
81.5,81.5,81.5,81.5,81.5,81.5
86.2,86.2,86.2,86.2,86.2,86.2
89.6,89.6,89.6,89.6,89.6,89.6
94,94,94,94,94,94
103.8,103.8,103.8,103.8,103.8,103.8
105.6,105.6,105.6,105.6,105.6,105.6
89.4,89.4,89.4,89.4,89.4,89.4
68.3,68.3,68.3,68.3,68.3,68.3
70.9,70.9,70.9,70.9,70.9,70.9
66.7,66.7,66.7,66.7,66.7,66.7
74.3,74.3,74.3,74.3,74.3,74.3
73.4,73.4,73.4,73.4,73.4,73.4
81.8,81.8,81.8,81.8,81.8,81.8
79.7,79.7,79.7,79.7,79.7,79.7
83,83,83,83,83,83
82.2,82.2,82.2,82.2,82.2,82.2
88.5,88.5,88.5,88.5,88.5,88.5
81.7,81.7,81.7,81.7,81.7,81.7
78.1,78.1,78.1,78.1,78.1,78.1
77.5,77.5,77.5,77.5,77.5,77.5
79.3,79.3,79.3,79.3,79.3,79.3
80.7,80.7,80.7,80.7,80.7,80.7
75.5,75.5,75.5,75.5,75.5,75.5
80.5,80.5,80.5,80.5,80.5,80.5
88.9,88.9,88.9,88.9,88.9,88.9
79.3,79.3,79.3,79.3,79.3,79.3
88.4,88.4,88.4,88.4,88.4,88.4
84.8,84.8,84.8,84.8,84.8,84.8
76.6,76.6,76.6,76.6,76.6,76.6
74.5,74.5,74.5,74.5,74.5,74.5
75.6,75.6,75.6,75.6,75.6,75.6
76,76,76,76,76,76
102.6,102.6,102.6,102.6,102.6,102.6
97.4,97.4,97.4,97.4,97.4,97.4
84.8,84.8,84.8,84.8,84.8,84.8
85.1,85.1,85.1,85.1,85.1,85.1
70.8,70.8,70.8,70.8,70.8,70.8
84.8,84.8,84.8,84.8,84.8,84.8
91.9,91.9,91.9,91.9,91.9,91.9
98.8,98.8,98.8,98.8,98.8,98.8
98.7,98.7,98.7,98.7,98.7,98.7
75.1,75.1,75.1,75.1,75.1,75.1
85.4,85.4,85.4,85.4,85.4,85.4
87.2,87.2,87.2,87.2,87.2,87.2
87.6,87.6,87.6,87.6,87.6,87.6
84.7,84.7,84.7,84.7,84.7,84.7
84.6,84.6,84.6,84.6,84.6,84.6
77.9,77.9,77.9,77.9,77.9,77.9
85.9,85.9,85.9,85.9,85.9,85.9
86.6,86.6,86.6,86.6,86.6,86.6
89.4,89.4,89.4,89.4,89.4,89.4
87.1,87.1,87.1,87.1,87.1,87.1
92.1,92.1,92.1,92.1,92.1,92.1
93.3,93.3,93.3,93.3,93.3,93.3
74.8,74.8,74.8,74.8,74.8,74.8
88.2,88.2,88.2,88.2,88.2,88.2
88.7,88.7,88.7,88.7,88.7,88.7
91.5,91.5,91.5,91.5,91.5,91.5
92.8,92.8,92.8,92.8,92.8,92.8
95.4,95.4,95.4,95.4,95.4,95.4
94.8,94.8,94.8,94.8,94.8,94.8
90.2,90.2,90.2,90.2,90.2,90.2
89.3,89.3,89.3,89.3,89.3,89.3
84.1,84.1,84.1,84.1,84.1,84.1
87.6,87.6,87.6,87.6,87.6,87.6
94.6,94.6,94.6,94.6,94.6,94.6
104.2,104.2,104.2,104.2,104.2,104.2
104.8,104.8,104.8,104.8,104.8,104.8
89.2,89.2,89.2,89.2,89.2,89.2
87.7,87.7,87.7,87.7,87.7,87.7
87.2,87.2,87.2,87.2,87.2,87.2
89.1,89.1,89.1,89.1,89.1,89.1
88.4,88.4,88.4,88.4,88.4,88.4
78.6,78.6,78.6,78.6,78.6,78.6
88.8,88.8,88.8,88.8,88.8,88.8
93.6,93.6,93.6,93.6,93.6,93.6
90.2,90.2,90.2,90.2,90.2,90.2
88.9,88.9,88.9,88.9,88.9,88.9
91.6,91.6,91.6,91.6,91.6,91.6
90.7,90.7,90.7,90.7,90.7,90.7
84.7,84.7,84.7,84.7,84.7,84.7
86.7,86.7,86.7,86.7,86.7,86.7
77.5,77.5,77.5,77.5,77.5,77.5
80.4,80.4,80.4,80.4,80.4,80.4
91.4,91.4,91.4,91.4,91.4,91.4
102.5,102.5,102.5,102.5,102.5,102.5
87.2,87.2,87.2,87.2,87.2,87.2
81.9,81.9,81.9,81.9,81.9,81.9
87.6,87.6,87.6,87.6,87.6,87.6
90.1,90.1,90.1,90.1,90.1,90.1
94.5,94.5,94.5,94.5,94.5,94.5
87.7,87.7,87.7,87.7,87.7,87.7
92.1,92.1,92.1,92.1,92.1,92.1
92.2,92.2,92.2,92.2,92.2,92.2
93.8,93.8,93.8,93.8,93.8,93.8
95,95,95,95,95,95
90.6,90.6,90.6,90.6,90.6,90.6
92.3,92.3,92.3,92.3,92.3,92.3
95.3,95.3,95.3,95.3,95.3,95.3
95.4,95.4,95.4,95.4,95.4,95.4
90.1,90.1,90.1,90.1,90.1,90.1
89.9,89.9,89.9,89.9,89.9,89.9
87.8,87.8,87.8,87.8,87.8,87.8
85.4,85.4,85.4,85.4,85.4,85.4
90.1,90.1,90.1,90.1,90.1,90.1
87.7,87.7,87.7,87.7,87.7,87.7
86.1,86.1,86.1,86.1,86.1,86.1
103.8,103.8,103.8,103.8,103.8,103.8
104.8,104.8,104.8,104.8,104.8,104.8
92.8,92.8,92.8,92.8,92.8,92.8
92.2,92.2,92.2,92.2,92.2,92.2
86.8,86.8,86.8,86.8,86.8,86.8
92.4,92.4,92.4,92.4,92.4,92.4
83.8,83.8,83.8,83.8,83.8,83.8
78.8,78.8,78.8,78.8,78.8,78.8
81.5,81.5,81.5,81.5,81.5,81.5
98.8,98.8,98.8,98.8,98.8,98.8
110.3,110.3,110.3,110.3,110.3,110.3
121.1,121.1,121.1,121.1,121.1,121.1
114.6,114.6,114.6,114.6,114.6,114.6
125.9,125.9,125.9,125.9,125.9,125.9
120.5,120.5,120.5,120.5,120.5,120.5
94.4,94.4,94.4,94.4,94.4,94.4
88,88,88,88,88,88
94.5,94.5,94.5,94.5,94.5,94.5
94.3,94.3,94.3,94.3,94.3,94.3
93.3,93.3,93.3,93.3,93.3,93.3
86.1,86.1,86.1,86.1,86.1,86.1
98.9,98.9,98.9,98.9,98.9,98.9
94.2,94.2,94.2,94.2,94.2,94.2
82.2,82.2,82.2,82.2,82.2,82.2
84.2,84.2,84.2,84.2,84.2,84.2
95.8,95.8,95.8,95.8,95.8,95.8
88.1,88.1,88.1,88.1,88.1,88.1
94.6,94.6,94.6,94.6,94.6,94.6
96.1,96.1,96.1,96.1,96.1,96.1
85.9,85.9,85.9,85.9,85.9,85.9
88.9,88.9,88.9,88.9,88.9,88.9
94.6,94.6,94.6,94.6,94.6,94.6
89.7,89.7,89.7,89.7,89.7,89.7
87.8,87.8,87.8,87.8,87.8,87.8
93.2,93.2,93.2,93.2,93.2,93.2
87.4,87.4,87.4,87.4,87.4,87.4
96.5,96.5,96.5,96.5,96.5,96.5
97.3,97.3,97.3,97.3,97.3,97.3
90.7,90.7,90.7,90.7,90.7,90.7
92.8,92.8,92.8,92.8,92.8,92.8
103.4,103.4,103.4,103.4,103.4,103.4
104.1,104.1,104.1,104.1,104.1,104.1
102.9,102.9,102.9,102.9,102.9,102.9
99.5,99.5,99.5,99.5,99.5,99.5
88.5,88.5,88.5,88.5,88.5,88.5
89.5,89.5,89.5,89.5,89.5,89.5
95.2,95.2,95.2,95.2,95.2,95.2
105.8,105.8,105.8,105.8,105.8,105.8
101.3,101.3,101.3,101.3,101.3,101.3
96.9,96.9,96.9,96.9,96.9,96.9
95.9,95.9,95.9,95.9,95.9,95.9
96.8,96.8,96.8,96.8,96.8,96.8
91,91,91,91,91,91
81.7,81.7,81.7,81.7,81.7,81.7
82.8,82.8,82.8,82.8,82.8,82.8
80.8,80.8,80.8,80.8,80.8,80.8
79.1,79.1,79.1,79.1,79.1,79.1
78.3,78.3,78.3,78.3,78.3,78.3
77.3,77.3,77.3,77.3,77.3,77.3
93.4,93.4,93.4,93.4,93.4,93.4
88.1,88.1,88.1,88.1,88.1,88.1
87.7,87.7,87.7,87.7,87.7,87.7
84.9,84.9,84.9,84.9,84.9,84.9
93.5,93.5,93.5,93.5,93.5,93.5
94.2,94.2,94.2,94.2,94.2,94.2
98.1,98.1,98.1,98.1,98.1,98.1
96,96,96,96,96,96
87.6,87.6,87.6,87.6,87.6,87.6
97,97,97,97,97,97
103.5,103.5,103.5,103.5,103.5,103.5
84.2,84.2,84.2,84.2,84.2,84.2
83.9,83.9,83.9,83.9,83.9,83.9
85.9,85.9,85.9,85.9,85.9,85.9
92.5,92.5,92.5,92.5,92.5,92.5
83,83,83,83,83,83
82.3,82.3,82.3,82.3,82.3,82.3
83.3,83.3,83.3,83.3,83.3,83.3
90.7,90.7,90.7,90.7,90.7,90.7
98.7,98.7,98.7,98.7,98.7,98.7
102.6,102.6,102.6,102.6,102.6,102.6
89.2,89.2,89.2,89.2,89.2,89.2
90.1,90.1,90.1,90.1,90.1,90.1
83.9,83.9,83.9,83.9,83.9,83.9
87.3,87.3,87.3,87.3,87.3,87.3
97.7,97.7,97.7,97.7,97.7,97.7
103.3,103.3,103.3,103.3,103.3,103.3
100.1,100.1,100.1,100.1,100.1,100.1
94.4,94.4,94.4,94.4,94.4,94.4
97.5,97.5,97.5,97.5,97.5,97.5
86.1,86.1,86.1,86.1,86.1,86.1
91,91,91,91,91,91
96.2,96.2,96.2,96.2,96.2,96.2
89.6,89.6,89.6,89.6,89.6,89.6
87.4,87.4,87.4,87.4,87.4,87.4
87.9,87.9,87.9,87.9,87.9,87.9
90.9,90.9,90.9,90.9,90.9,90.9
89.5,89.5,89.5,89.5,89.5,89.5
85.6,85.6,85.6,85.6,85.6,85.6
84.7,84.7,84.7,84.7,84.7,84.7
92.4,92.4,92.4,92.4,92.4,92.4
95.5,95.5,95.5,95.5,95.5,95.5
99.1,99.1,99.1,99.1,99.1,99.1
92.5,92.5,92.5,92.5,92.5,92.5
94.1,94.1,94.1,94.1,94.1,94.1
101.5,101.5,101.5,101.5,101.5,101.5
103.5,103.5,103.5,103.5,103.5,103.5
98.6,98.6,98.6,98.6,98.6,98.6
100.8,100.8,100.8,100.8,100.8,100.8
98.6,98.6,98.6,98.6,98.6,98.6
98.1,98.1,98.1,98.1,98.1,98.1
98.2,98.2,98.2,98.2,98.2,98.2
91.5,91.5,91.5,91.5,91.5,91.5
83.6,83.6,83.6,83.6,83.6,83.6
92.7,92.7,92.7,92.7,92.7,92.7
102.9,102.9,102.9,102.9,102.9,102.9
96.8,96.8,96.8,96.8,96.8,96.8
91.9,91.9,91.9,91.9,91.9,91.9
96.9,96.9,96.9,96.9,96.9,96.9
90.5,90.5,90.5,90.5,90.5,90.5
94.6,94.6,94.6,94.6,94.6,94.6
94.6,94.6,94.6,94.6,94.6,94.6
92.5,92.5,92.5,92.5,92.5,92.5
85.9,85.9,85.9,85.9,85.9,85.9
76,76,76,76,76,76
70.9,70.9,70.9,70.9,70.9,70.9
81.3,81.3,81.3,81.3,81.3,81.3
73.9,73.9,73.9,73.9,73.9,73.9
71.9,71.9,71.9,71.9,71.9,71.9
64.6,64.6,64.6,64.6,64.6,64.6
60.2,60.2,60.2,60.2,60.2,60.2
58.4,58.4,58.4,58.4,58.4,58.4
49.3,49.3,49.3,49.3,49.3,49.3
52.5,52.5,52.5,52.5,52.5,52.5
57.4,57.4,57.4,57.4,57.4,57.4
59.2,59.2,59.2,59.2,59.2,59.2
60.7,60.7,60.7,60.7,60.7,60.7
60.7,60.7,60.7,60.7,60.7,60.7
77,77,77,77,77,77
98.1,98.1,98.1,98.1,98.1,98.1
90.9,90.9,90.9,90.9,90.9,90.9
96.9,96.9,96.9,96.9,96.9,96.9
98.7,98.7,98.7,98.7,98.7,98.7
101.5,101.5,101.5,101.5,101.5,101.5
83.8,83.8,83.8,83.8,83.8,83.8
77.3,77.3,77.3,77.3,77.3,77.3
91.9,91.9,91.9,91.9,91.9,91.9
85.5,85.5,85.5,85.5,85.5,85.5
83.8,83.8,83.8,83.8,83.8,83.8
80.6,80.6,80.6,80.6,80.6,80.6
82.5,82.5,82.5,82.5,82.5,82.5
66.1,66.1,66.1,66.1,66.1,66.1
63.4,63.4,63.4,63.4,63.4,63.4
74.1,74.1,74.1,74.1,74.1,74.1
73.9,73.9,73.9,73.9,73.9,73.9
74.3,74.3,74.3,74.3,74.3,74.3
75.8,75.8,75.8,75.8,75.8,75.8
76.4,76.4,76.4,76.4,76.4,76.4
75.5,75.5,75.5,75.5,75.5,75.5
73.6,73.6,73.6,73.6,73.6,73.6
73.4,73.4,73.4,73.4,73.4,73.4
71.8,71.8,71.8,71.8,71.8,71.8
71.6,71.6,71.6,71.6,71.6,71.6
75.4,75.4,75.4,75.4,75.4,75.4
74.3,74.3,74.3,74.3,74.3,74.3
74.5,74.5,74.5,74.5,74.5,74.5
71.5,71.5,71.5,71.5,71.5,71.5
69.9,69.9,69.9,69.9,69.9,69.9
74.2,74.2,74.2,74.2,74.2,74.2
75,75,75,75,75,75
73.3,73.3,73.3,73.3,73.3,73.3
74.6,74.6,74.6,74.6,74.6,74.6
71.4,71.4,71.4,71.4,71.4,71.4
72.9,72.9,72.9,72.9,72.9,72.9
70.8,70.8,70.8,70.8,70.8,70.8
71.8,71.8,71.8,71.8,71.8,71.8
82.8,82.8,82.8,82.8,82.8,82.8
89.5,89.5,89.5,89.5,89.5,89.5
90.3,90.3,90.3,90.3,90.3,90.3
92.5,92.5,92.5,92.5,92.5,92.5
88.8,88.8,88.8,88.8,88.8,88.8
91.4,91.4,91.4,91.4,91.4,91.4
92.3,92.3,92.3,92.3,92.3,92.3
91.9,91.9,91.9,91.9,91.9,91.9
93.8,93.8,93.8,93.8,93.8,93.8
93.2,93.2,93.2,93.2,93.2,93.2
93.9,93.9,93.9,93.9,93.9,93.9
98.2,98.2,98.2,98.2,98.2,98.2
94.1,94.1,94.1,94.1,94.1,94.1
87.3,87.3,87.3,87.3,87.3,87.3
84.6,84.6,84.6,84.6,84.6,84.6
89.8,89.8,89.8,89.8,89.8,89.8
88.4,88.4,88.4,88.4,88.4,88.4
82.1,82.1,82.1,82.1,82.1,82.1
93.6,93.6,93.6,93.6,93.6,93.6
90.5,90.5,90.5,90.5,90.5,90.5
83.8,83.8,83.8,83.8,83.8,83.8
86.4,86.4,86.4,86.4,86.4,86.4
89.9,89.9,89.9,89.9,89.9,89.9
91.9,91.9,91.9,91.9,91.9,91.9
88.6,88.6,88.6,88.6,88.6,88.6
90.9,90.9,90.9,90.9,90.9,90.9
90.3,90.3,90.3,90.3,90.3,90.3
87.3,87.3,87.3,87.3,87.3,87.3
90.1,90.1,90.1,90.1,90.1,90.1
110.4,110.4,110.4,110.4,110.4,110.4
117.8,117.8,117.8,117.8,117.8,117.8
113.8,113.8,113.8,113.8,113.8,113.8
120.9,120.9,120.9,120.9,120.9,120.9
121.9,121.9,121.9,121.9,121.9,121.9
121.5,121.5,121.5,121.5,121.5,121.5
121.5,121.5,121.5,121.5,121.5,121.5
119.9,119.9,119.9,119.9,119.9,119.9
119.7,119.7,119.7,119.7,119.7,119.7
119.6,119.6,119.6,119.6,119.6,119.6
117.9,117.9,117.9,117.9,117.9,117.9
113,113,113,113,113,113
112,112,112,112,112,112
110.1,110.1,110.1,110.1,110.1,110.1
88.2,88.2,88.2,88.2,88.2,88.2
91.2,91.2,91.2,91.2,91.2,91.2
95.4,95.4,95.4,95.4,95.4,95.4
96.2,96.2,96.2,96.2,96.2,96.2
97.3,97.3,97.3,97.3,97.3,97.3
98.5,98.5,98.5,98.5,98.5,98.5
98,98,98,98,98,98
93.2,93.2,93.2,93.2,93.2,93.2
90.6,90.6,90.6,90.6,90.6,90.6
92.4,92.4,92.4,92.4,92.4,92.4
91.6,91.6,91.6,91.6,91.6,91.6
90.7,90.7,90.7,90.7,90.7,90.7
56.4,56.4,56.4,56.4,56.4,56.4
64.3,64.3,64.3,64.3,64.3,64.3
80.6,80.6,80.6,80.6,80.6,80.6
80,80,80,80,80,80
76.8,76.8,76.8,76.8,76.8,76.8
70.3,70.3,70.3,70.3,70.3,70.3
78.9,78.9,78.9,78.9,78.9,78.9
84.2,84.2,84.2,84.2,84.2,84.2
83.2,83.2,83.2,83.2,83.2,83.2
75.8,75.8,75.8,75.8,75.8,75.8
90.2,90.2,90.2,90.2,90.2,90.2
107.8,107.8,107.8,107.8,107.8,107.8
86.7,86.7,86.7,86.7,86.7,86.7
76.7,76.7,76.7,76.7,76.7,76.7
81.3,81.3,81.3,81.3,81.3,81.3
77.5,77.5,77.5,77.5,77.5,77.5
91.9,91.9,91.9,91.9,91.9,91.9
99.4,99.4,99.4,99.4,99.4,99.4
99.1,99.1,99.1,99.1,99.1,99.1
81.7,81.7,81.7,81.7,81.7,81.7
83,83,83,83,83,83
85.6,85.6,85.6,85.6,85.6,85.6
94.9,94.9,94.9,94.9,94.9,94.9
94.6,94.6,94.6,94.6,94.6,94.6
89.5,89.5,89.5,89.5,89.5,89.5
90.5,90.5,90.5,90.5,90.5,90.5
81.7,81.7,81.7,81.7,81.7,81.7
73.2,73.2,73.2,73.2,73.2,73.2
73.7,73.7,73.7,73.7,73.7,73.7
77.4,77.4,77.4,77.4,77.4,77.4
75.1,75.1,75.1,75.1,75.1,75.1
74.7,74.7,74.7,74.7,74.7,74.7
71.6,71.6,71.6,71.6,71.6,71.6
74.5,74.5,74.5,74.5,74.5,74.5
66.8,66.8,66.8,66.8,66.8,66.8
72.5,72.5,72.5,72.5,72.5,72.5
69.9,69.9,69.9,69.9,69.9,69.9
68.5,68.5,68.5,68.5,68.5,68.5
73.7,73.7,73.7,73.7,73.7,73.7
71.7,71.7,71.7,71.7,71.7,71.7
75.6,75.6,75.6,75.6,75.6,75.6
74.8,74.8,74.8,74.8,74.8,74.8
79.1,79.1,79.1,79.1,79.1,79.1
73.4,73.4,73.4,73.4,73.4,73.4
76.4,76.4,76.4,76.4,76.4,76.4
81.8,81.8,81.8,81.8,81.8,81.8
80.8,80.8,80.8,80.8,80.8,80.8
80.6,80.6,80.6,80.6,80.6,80.6
80.9,80.9,80.9,80.9,80.9,80.9
76.3,76.3,76.3,76.3,76.3,76.3
76.3,76.3,76.3,76.3,76.3,76.3
76.5,76.5,76.5,76.5,76.5,76.5
76.5,76.5,76.5,76.5,76.5,76.5
78.5,78.5,78.5,78.5,78.5,78.5
82.6,82.6,82.6,82.6,82.6,82.6
89.2,89.2,89.2,89.2,89.2,89.2
81.8,81.8,81.8,81.8,81.8,81.8
79.6,79.6,79.6,79.6,79.6,79.6
80.6,80.6,80.6,80.6,80.6,80.6
77.4,77.4,77.4,77.4,77.4,77.4
78.6,78.6,78.6,78.6,78.6,78.6
81.7,81.7,81.7,81.7,81.7,81.7
84,84,84,84,84,84
83.7,83.7,83.7,83.7,83.7,83.7
84,84,84,84,84,84
88.2,88.2,88.2,88.2,88.2,88.2
86.8,86.8,86.8,86.8,86.8,86.8
85.8,85.8,85.8,85.8,85.8,85.8
89.6,89.6,89.6,89.6,89.6,89.6
92.6,92.6,92.6,92.6,92.6,92.6
95.6,95.6,95.6,95.6,95.6,95.6
97.9,97.9,97.9,97.9,97.9,97.9
99.7,99.7,99.7,99.7,99.7,99.7
96.7,96.7,96.7,96.7,96.7,96.7
90.3,90.3,90.3,90.3,90.3,90.3
95.1,95.1,95.1,95.1,95.1,95.1
90.5,90.5,90.5,90.5,90.5,90.5
92.1,92.1,92.1,92.1,92.1,92.1
87.2,87.2,87.2,87.2,87.2,87.2
85.3,85.3,85.3,85.3,85.3,85.3
83.2,83.2,83.2,83.2,83.2,83.2
71.3,71.3,71.3,71.3,71.3,71.3
88.8,88.8,88.8,88.8,88.8,88.8
76.8,76.8,76.8,76.8,76.8,76.8
81.6,81.6,81.6,81.6,81.6,81.6
80.7,80.7,80.7,80.7,80.7,80.7
80.9,80.9,80.9,80.9,80.9,80.9
75.7,75.7,75.7,75.7,75.7,75.7
97.3,97.3,97.3,97.3,97.3,97.3
99.8,99.8,99.8,99.8,99.8,99.8
97.1,97.1,97.1,97.1,97.1,97.1
72.3,72.3,72.3,72.3,72.3,72.3
77.3,77.3,77.3,77.3,77.3,77.3
78.9,78.9,78.9,78.9,78.9,78.9
79.4,79.4,79.4,79.4,79.4,79.4
79.3,79.3,79.3,79.3,79.3,79.3
79.2,79.2,79.2,79.2,79.2,79.2
79.8,79.8,79.8,79.8,79.8,79.8
78.8,78.8,78.8,78.8,78.8,78.8
88.7,88.7,88.7,88.7,88.7,88.7
90.6,90.6,90.6,90.6,90.6,90.6
85.7,85.7,85.7,85.7,85.7,85.7
88.6,88.6,88.6,88.6,88.6,88.6
91.6,91.6,91.6,91.6,91.6,91.6
92.2,92.2,92.2,92.2,92.2,92.2
92.4,92.4,92.4,92.4,92.4,92.4
90.5,90.5,90.5,90.5,90.5,90.5
89.2,89.2,89.2,89.2,89.2,89.2
90.3,90.3,90.3,90.3,90.3,90.3
91.3,91.3,91.3,91.3,91.3,91.3
92,92,92,92,92,92
91.5,91.5,91.5,91.5,91.5,91.5
90.4,90.4,90.4,90.4,90.4,90.4
91.6,91.6,91.6,91.6,91.6,91.6
92.8,92.8,92.8,92.8,92.8,92.8
92.9,92.9,92.9,92.9,92.9,92.9
92.3,92.3,92.3,92.3,92.3,92.3
93.3,93.3,93.3,93.3,93.3,93.3
88.7,88.7,88.7,88.7,88.7,88.7
93.1,93.1,93.1,93.1,93.1,93.1
81.3,81.3,81.3,81.3,81.3,81.3
76.4,76.4,76.4,76.4,76.4,76.4
84.7,84.7,84.7,84.7,84.7,84.7
87.6,87.6,87.6,87.6,87.6,87.6
82.9,82.9,82.9,82.9,82.9,82.9
86.2,86.2,86.2,86.2,86.2,86.2
80.4,80.4,80.4,80.4,80.4,80.4
80.9,80.9,80.9,80.9,80.9,80.9
81.6,81.6,81.6,81.6,81.6,81.6
83.7,83.7,83.7,83.7,83.7,83.7
84.2,84.2,84.2,84.2,84.2,84.2
85.5,85.5,85.5,85.5,85.5,85.5
84.9,84.9,84.9,84.9,84.9,84.9
75.3,75.3,75.3,75.3,75.3,75.3
74.2,74.2,74.2,74.2,74.2,74.2
74.3,74.3,74.3,74.3,74.3,74.3
73.4,73.4,73.4,73.4,73.4,73.4
69.3,69.3,69.3,69.3,69.3,69.3
66.9,66.9,66.9,66.9,66.9,66.9
70.7,70.7,70.7,70.7,70.7,70.7
71.8,71.8,71.8,71.8,71.8,71.8
78.5,78.5,78.5,78.5,78.5,78.5
76.9,76.9,76.9,76.9,76.9,76.9
69.1,69.1,69.1,69.1,69.1,69.1
71.4,71.4,71.4,71.4,71.4,71.4
67.7,67.7,67.7,67.7,67.7,67.7
64,64,64,64,64,64
66.8,66.8,66.8,66.8,66.8,66.8
62.2,62.2,62.2,62.2,62.2,62.2
71.1,71.1,71.1,71.1,71.1,71.1
70.9,70.9,70.9,70.9,70.9,70.9
71.2,71.2,71.2,71.2,71.2,71.2
70.4,70.4,70.4,70.4,70.4,70.4
69.1,69.1,69.1,69.1,69.1,69.1
66.5,66.5,66.5,66.5,66.5,66.5
66.3,66.3,66.3,66.3,66.3,66.3
78.8,78.8,78.8,78.8,78.8,78.8
72.2,72.2,72.2,72.2,72.2,72.2
74.4,74.4,74.4,74.4,74.4,74.4
78,78,78,78,78,78
78.7,78.7,78.7,78.7,78.7,78.7
73.4,73.4,73.4,73.4,73.4,73.4
79.2,79.2,79.2,79.2,79.2,79.2
76.6,76.6,76.6,76.6,76.6,76.6
77.3,77.3,77.3,77.3,77.3,77.3
81.4,81.4,81.4,81.4,81.4,81.4
78.2,78.2,78.2,78.2,78.2,78.2
80.9,80.9,80.9,80.9,80.9,80.9
80.4,80.4,80.4,80.4,80.4,80.4
81.8,81.8,81.8,81.8,81.8,81.8
85.9,85.9,85.9,85.9,85.9,85.9
84.7,84.7,84.7,84.7,84.7,84.7
86.1,86.1,86.1,86.1,86.1,86.1
86.6,86.6,86.6,86.6,86.6,86.6
84.5,84.5,84.5,84.5,84.5,84.5
86.6,86.6,86.6,86.6,86.6,86.6
85.3,85.3,85.3,85.3,85.3,85.3
87.9,87.9,87.9,87.9,87.9,87.9
86.7,86.7,86.7,86.7,86.7,86.7
82.5,82.5,82.5,82.5,82.5,82.5
84.8,84.8,84.8,84.8,84.8,84.8
87.8,87.8,87.8,87.8,87.8,87.8
93,93,93,93,93,93
96,96,96,96,96,96
90.6,90.6,90.6,90.6,90.6,90.6
93.7,93.7,93.7,93.7,93.7,93.7
94.9,94.9,94.9,94.9,94.9,94.9
93.3,93.3,93.3,93.3,93.3,93.3
93,93,93,93,93,93
90.2,90.2,90.2,90.2,90.2,90.2
85.2,85.2,85.2,85.2,85.2,85.2
88.8,88.8,88.8,88.8,88.8,88.8
86.2,86.2,86.2,86.2,86.2,86.2
90.4,90.4,90.4,90.4,90.4,90.4
94.7,94.7,94.7,94.7,94.7,94.7
93.4,93.4,93.4,93.4,93.4,93.4
87.5,87.5,87.5,87.5,87.5,87.5
84.4,84.4,84.4,84.4,84.4,84.4
85.9,85.9,85.9,85.9,85.9,85.9
80.7,80.7,80.7,80.7,80.7,80.7
76.3,76.3,76.3,76.3,76.3,76.3
75.4,75.4,75.4,75.4,75.4,75.4
78,78,78,78,78,78
78.4,78.4,78.4,78.4,78.4,78.4
81.5,81.5,81.5,81.5,81.5,81.5
81.1,81.1,81.1,81.1,81.1,81.1
76.8,76.8,76.8,76.8,76.8,76.8
74.1,74.1,74.1,74.1,74.1,74.1
75.5,75.5,75.5,75.5,75.5,75.5
72.3,72.3,72.3,72.3,72.3,72.3
75.4,75.4,75.4,75.4,75.4,75.4
79.8,79.8,79.8,79.8,79.8,79.8
84.1,84.1,84.1,84.1,84.1,84.1
86.9,86.9,86.9,86.9,86.9,86.9
82.3,82.3,82.3,82.3,82.3,82.3
76.4,76.4,76.4,76.4,76.4,76.4
69.6,69.6,69.6,69.6,69.6,69.6
69.6,69.6,69.6,69.6,69.6,69.6
69.3,69.3,69.3,69.3,69.3,69.3
74.8,74.8,74.8,74.8,74.8,74.8
70.8,70.8,70.8,70.8,70.8,70.8
77.5,77.5,77.5,77.5,77.5,77.5
76.8,76.8,76.8,76.8,76.8,76.8
79.8,79.8,79.8,79.8,79.8,79.8
81.4,81.4,81.4,81.4,81.4,81.4
77.8,77.8,77.8,77.8,77.8,77.8
80.8,80.8,80.8,80.8,80.8,80.8
73.4,73.4,73.4,73.4,73.4,73.4
76.1,76.1,76.1,76.1,76.1,76.1
86.1,86.1,86.1,86.1,86.1,86.1
92.4,92.4,92.4,92.4,92.4,92.4
91.4,91.4,91.4,91.4,91.4,91.4
96.6,96.6,96.6,96.6,96.6,96.6
98.2,98.2,98.2,98.2,98.2,98.2
100.2,100.2,100.2,100.2,100.2,100.2
98.8,98.8,98.8,98.8,98.8,98.8
94,94,94,94,94,94
97,97,97,97,97,97
95.4,95.4,95.4,95.4,95.4,95.4
96.2,96.2,96.2,96.2,96.2,96.2
97.4,97.4,97.4,97.4,97.4,97.4
96.6,96.6,96.6,96.6,96.6,96.6
92.1,92.1,92.1,92.1,92.1,92.1
94.5,94.5,94.5,94.5,94.5,94.5
97.9,97.9,97.9,97.9,97.9,97.9
95.6,95.6,95.6,95.6,95.6,95.6
95.8,95.8,95.8,95.8,95.8,95.8
96.7,96.7,96.7,96.7,96.7,96.7
98.9,98.9,98.9,98.9,98.9,98.9
101.7,101.7,101.7,101.7,101.7,101.7
97,97,97,97,97,97
94,94,94,94,94,94
98,98,98,98,98,98
97,97,97,97,97,97
97.7,97.7,97.7,97.7,97.7,97.7
92.4,92.4,92.4,92.4,92.4,92.4
91.9,91.9,91.9,91.9,91.9,91.9
88.6,88.6,88.6,88.6,88.6,88.6
87.8,87.8,87.8,87.8,87.8,87.8
89.6,89.6,89.6,89.6,89.6,89.6
96.8,96.8,96.8,96.8,96.8,96.8
99.2,99.2,99.2,99.2,99.2,99.2
98.9,98.9,98.9,98.9,98.9,98.9
102.1,102.1,102.1,102.1,102.1,102.1
89.6,89.6,89.6,89.6,89.6,89.6
93.4,93.4,93.4,93.4,93.4,93.4
101.1,101.1,101.1,101.1,101.1,101.1
99.5,99.5,99.5,99.5,99.5,99.5
99.5,99.5,99.5,99.5,99.5,99.5
104.6,104.6,104.6,104.6,104.6,104.6
93.3,93.3,93.3,93.3,93.3,93.3
92.5,92.5,92.5,92.5,92.5,92.5
90.1,90.1,90.1,90.1,90.1,90.1
91.6,91.6,91.6,91.6,91.6,91.6
100.5,100.5,100.5,100.5,100.5,100.5
103.3,103.3,103.3,103.3,103.3,103.3
95.2,95.2,95.2,95.2,95.2,95.2
91.4,91.4,91.4,91.4,91.4,91.4
87.3,87.3,87.3,87.3,87.3,87.3
90.6,90.6,90.6,90.6,90.6,90.6
94.4,94.4,94.4,94.4,94.4,94.4
92.9,92.9,92.9,92.9,92.9,92.9
90.3,90.3,90.3,90.3,90.3,90.3
96.1,96.1,96.1,96.1,96.1,96.1
89.9,89.9,89.9,89.9,89.9,89.9
93,93,93,93,93,93
90.6,90.6,90.6,90.6,90.6,90.6
85.2,85.2,85.2,85.2,85.2,85.2
114.8,114.8,114.8,114.8,114.8,114.8
122.2,122.2,122.2,122.2,122.2,122.2
132.8,132.8,132.8,132.8,132.8,132.8
145.8,145.8,145.8,145.8,145.8,145.8
141.6,141.6,141.6,141.6,141.6,141.6
143,143,143,143,143,143
144.6,144.6,144.6,144.6,144.6,144.6
147.7,147.7,147.7,147.7,147.7,147.7
147.1,147.1,147.1,147.1,147.1,147.1
122.4,122.4,122.4,122.4,122.4,122.4
129.9,129.9,129.9,129.9,129.9,129.9
113.3,113.3,113.3,113.3,113.3,113.3
135.9,135.9,135.9,135.9,135.9,135.9
126.9,126.9,126.9,126.9,126.9,126.9
139.9,139.9,139.9,139.9,139.9,139.9
139.2,139.2,139.2,139.2,139.2,139.2
140.8,140.8,140.8,140.8,140.8,140.8
136.1,136.1,136.1,136.1,136.1,136.1
N/A                 ,N/A                 ,N/A                 ,N/A                 ,N/A                 ,N/A                 
126.4,126.4,126.4,126.4,126.4,126.4
132.3,132.3,132.3,132.3,132.3,132.3
141.5,141.5,141.5,141.5,141.5,141.5
115.9,115.9,115.9,115.9,115.9,115.9
137.4,137.4,137.4,137.4,137.4,137.4
136.2,136.2,136.2,136.2,136.2,136.2
134.5,134.5,134.5,134.5,134.5,134.5
138.8,138.8,138.8,138.8,138.8,138.8
137.5,137.5,137.5,137.5,137.5,137.5
137.5,137.5,137.5,137.5,137.5,137.5
128.7,128.7,128.7,128.7,128.7,128.7
134,134,134,134,134,134
129.9,129.9,129.9,129.9,129.9,129.9
138,138,138,138,138,138
132.5,132.5,132.5,132.5,132.5,132.5
129.5,129.5,129.5,129.5,129.5,129.5
137.9,137.9,137.9,137.9,137.9,137.9
128.3,128.3,128.3,128.3,128.3,128.3
123.3,123.3,123.3,123.3,123.3,123.3
124.2,124.2,124.2,124.2,124.2,124.2
124.8,124.8,124.8,124.8,124.8,124.8
128.3,128.3,128.3,128.3,128.3,128.3
114.7,114.7,114.7,114.7,114.7,114.7
99.6,99.6,99.6,99.6,99.6,99.6
121.3,121.3,121.3,121.3,121.3,121.3
115.4,115.4,115.4,115.4,115.4,115.4
119.6,119.6,119.6,119.6,119.6,119.6
N/A                 ,N/A                 ,N/A                 ,N/A                 ,N/A                 ,N/A                 
115.7,115.7,115.7,115.7,115.7,115.7
121.9,121.9,121.9,121.9,121.9,121.9
117.8,117.8,117.8,117.8,117.8,117.8
114.7,114.7,114.7,114.7,114.7,114.7
116.4,116.4,116.4,116.4,116.4,116.4
119.5,119.5,119.5,119.5,119.5,119.5
